virus_label,mean_log10_nir_red_diff,sd_log10_nir_red_diff,n,se_log10_nir_red_diff,geomean,lower_ci,upper_ci,cells
BB9904 RBD,0.0935805510392499,0.120864958616868,9,0.0402883195389559,1.24045367770134,1.03422598378696,1.48780377852094,ACE2
BM48-31 RBD,0.193935861244686,0.0958099356484702,9,0.0319366452161568,1.56291680631816,1.35313160086854,1.80522644057965,ACE2
BtKY72 RBD,0.660692684000501,0.329827030695582,20,0.0737515661452231,4.57817810460032,3.28200784153315,6.38624761714484,ACE2
Rp3 RBD,0.272217611089054,0.293525703013456,14,0.0784480439205937,1.87161971429209,1.31358882456417,2.66670992430909,ACE2
Rs4237 RBD,0.0788337155341321,0.130246591253082,9,0.043415530417694,1.19904012181173,0.985687560901622,1.45857295023506,ACE2
SARS-CoV-2 RBD,1.79923324308745,0.557092746500383,13,0.154509727899707,62.9844357544423,31.3613086283215,126.49469428463,ACE2
WIV1 RBD,1.9066243209335,0.517242980114032,16,0.129310745028508,80.6537047226868,44.9961401363123,144.568402218233,ACE2
YN2013 RBD,0.147125431360092,0.227604749186234,9,0.0758682497287445,1.40321891865126,0.996376926597028,1.97618319041741,ACE2
