cell_label,mean_flow,mean_micro
H.sapiens,11.4187280988439,2.27903972736458
R.affinis,7.79282514356045,1.66334539738542
R.alcyone,16.633966266766,4.05934046065625
R.ferrumequinum,3.69286075489814,1.17936146535417
R.landeri,5.20973836336573,2.59282089188542
R.pearsonii,1.68583491944832,1.27354012089583
R.sinicus200,4.36203372984322,1.54786871371875
R.sinicus215,7.27087040673294,2.31916541632292
R.sinicus472,1.7007379836044,1.18470502340625
