cell_label,parent_rbd,interface_res,ratio
H.sapiens,BtKY72,K,6.86771033797181
H.sapiens,BtKY72,N,9.36163465069401
H.sapiens,BtKY72,Q,50.9373291902187
H.sapiens,Khosta1,K,5.15333824413802
H.sapiens,Khosta1,N,4.8816395095012
H.sapiens,Khosta1,Q,7.61921354220006
H.sapiens,Khosta2,K,3.66161782729614
H.sapiens,Khosta2,Q,38.4265253684226
H.sapiens,SARS-CoV,K,161.318035229682
H.sapiens,SARS-CoV,N,113.712038354602
H.sapiens,SARS-CoV-2,K,125.040130316084
H.sapiens,SARS-CoV-2,Q,148.24183876493
H.sapiens,VSVG,-,0.533842893433297
R.alcyone,BtKY72,K,55.6981484945839
R.alcyone,BtKY72,N,33.9024440050501
R.alcyone,BtKY72,Q,68.6013211823947
R.alcyone,Khosta1,K,109.793471716014
R.alcyone,Khosta1,N,68.4304824035083
R.alcyone,Khosta1,Q,134.548666036021
R.alcyone,Khosta2,K,31.9144941040387
R.alcyone,Khosta2,Q,20.1073055765328
R.alcyone,SARS-CoV,K,58.4576045999809
R.alcyone,SARS-CoV,N,77.7375796100555
R.alcyone,SARS-CoV-2,K,134.500844148033
R.alcyone,SARS-CoV-2,Q,112.022429610187
R.alcyone,VSVG,-,0.497786645333637
