virus_label,cell_label,mean_log10,sd_log10,geomean,upper_conf,lower_conf
BtKY72 RBD,H.sapiens,0.8443464204447,0.493468799884351,6.98789580108093,64.7955630706954,0.753611596421928
BtKY72 RBD,NULL (fs),-0.0643831358099217,0.266247754402747,0.862217561393403,2.86722954290354,0.259281341814843
BtKY72 RBD,R.affinis,0.847672188200246,0.62408200747984,7.04161357073135,117.726144944118,0.421183601170703
BtKY72 RBD,R.alcyone,1.17059131309443,0.656471075831403,14.8112363791477,286.598967662973,0.765434449634721
BtKY72 RBD,R.ferrumequinum,1.01789473590385,0.796242107584665,10.4206482359013,378.904066940592,0.286589453982872
BtKY72 RBD,R.landeri,0.838702830898599,0.725220860978694,6.89767663875086,182.026960982129,0.261378549397638
BtKY72 RBD,R.pearsonii,-0.0964656540988525,0.468513047075412,0.800818958257251,6.63467903908928,0.0966604413153736
BtKY72 RBD,R.sinicus200,0.755957895020774,0.531870335765611,5.70108997364426,62.8671471768202,0.517001778308322
BtKY72 RBD,R.sinicus215,1.17723896293349,0.424403054987964,15.039692712187,102.110158590672,2.21517976270848
BtKY72 RBD,R.sinicus472,0.0529987198821402,0.159472622946384,1.12979258451352,2.3204117761507,0.550088263273341
