cell_label,virus_label,ratio
H.sapiens,VSV,0.652837571452873
H.sapiens,SARS-CoV-2 RBD,14.3241867086481
H.sapiens,SARS-CoV,23.5202203818061
H.sapiens,WIV1 RBD,13.9333346985229
H.sapiens,Khosta2 RBD,14.008281780859
H.sapiens,BtKY72 RBD,4.46801038913022
K31D,VSV,0.58552094161075
K31D,SARS-CoV-2 RBD,14.1689038983746
K31D,SARS-CoV,22.9966223523781
K31D,WIV1 RBD,16.6134283832858
K31D,Khosta2 RBD,1.76483847942874
K31D,BtKY72 RBD,26.9302225359324
Y41A,VSV,0.696974612638895
Y41A,SARS-CoV-2 RBD,12.3785868560896
Y41A,SARS-CoV,7.47284223442349
Y41A,WIV1 RBD,14.9166799075279
Y41A,Khosta2 RBD,7.89325209509386
Y41A,BtKY72 RBD,0.971111297562015
K353D,VSV,0.569792218878826
K353D,SARS-CoV-2 RBD,14.162116831235
K353D,SARS-CoV,27.0680428986839
K353D,WIV1 RBD,21.2774371163507
K353D,Khosta2 RBD,4.77157533792192
K353D,BtKY72 RBD,1.07547139786832
D355N,VSV,0.995739389780563
D355N,SARS-CoV-2 RBD,4.48329327874133
D355N,SARS-CoV,6.93197956594222
D355N,WIV1 RBD,8.14579414554129
D355N,Khosta2 RBD,1.43980490437376
D355N,BtKY72 RBD,1.86397239140338
R357T,VSV,0.544585349795349
R357T,SARS-CoV-2 RBD,1.71304194916254
R357T,SARS-CoV,3.23670178421133
R357T,WIV1 RBD,3.40789523613872
R357T,Khosta2 RBD,1.86973863032406
R357T,BtKY72 RBD,0.946728065765133
