virus_label,n,mean,upper_conf,lower_conf
SARS-CoV,7,28.4306665255617,80.5246205999781,10.0379584910197
SARS-CoV-2,7,44.0772529307475,141.444119617737,13.7354895429493
VSV,7,0.684779097186905,0.886167353695827,0.529157850363632
