cell_label,parent_rbd,interface_res,ratio
H.sapiens,BtKY72,K,7.06233814489606
H.sapiens,PRD0038,K,6.19871019619251
H.sapiens,SARS-CoV,N,113.712038354602
H.sapiens,VSVG,-,0.533842893433297
R.alcyone,BtKY72,K,76.5823128793375
R.alcyone,PRD0038,K,65.9709833481378
R.alcyone,SARS-CoV,N,77.7375796100555
R.alcyone,VSVG,-,0.497786645333637
