virus_label,mean_log10_nir_red_diff,sd_log10_nir_red_diff,n,se_log10_nir_red_diff,geomean,lower_ci,upper_ci,cells
BtKY72 RBD,1.11098092621937,0.444491696788996,10,0.140560616288618,12.9116256579573,6.84671291752009,24.3489217584437,ACE2
BtKY72 RBD [T499E],0.0833156544001444,0.0971013285456515,10,0.0307061362032584,1.21147834167549,1.05470651197379,1.39155277386328,ACE2
BtKY72 RBD [Y488H],0.134312120066804,0.19197244140542,8,0.0678725075593548,1.36242348131336,1.00295628740323,1.85072646310432,ACE2
