virus_label,mean_log10_nir_red_diff,sd_log10_nir_red_diff,n,se_log10_nir_red_diff,geomean,lower_ci,upper_ci,cells
BtKY72 1-120;329-539,0.0598101745347971,0.197771972594855,7,0.0747507793978099,1.14765188550943,0.819027807138216,1.60813203023653,ACE2
BtKY72 1-539,0.0874623125855143,0.224324704570727,5,0.100321057690541,1.22310097560245,0.777737499587104,1.92349732051478,ACE2
BtKY72 1-888,-0.00262584464446025,0.242412525875769,3,0.139956937069312,0.993972010935232,0.528516510228704,1.86934625390435,ACE2
BtKY72 1-955,0.057614432761083,0.24205547577185,5,0.108250499630382,1.14186413610088,0.700556962195804,1.86116729355834,ACE2
BtKY72 112-206;329-539,0.281168806757106,0.228467136716799,10,0.0722476522522169,1.91059574739138,1.37899727615544,2.64712351000941,ACE2
BtKY72 214-328;329-539,0.14849508086571,0.29487005969094,8,0.104252309388173,1.40765128419257,0.879347543020012,2.25335494892478,ACE2
BtKY72 RBD,1.11098092621937,0.444491696788996,10,0.140560616288618,12.9116256579573,6.84671291752009,24.3489217584437,ACE2
BtKY72 RBD [T499E],0.0833156544001444,0.0971013285456515,10,0.0307061362032584,1.21147834167549,1.05470651197379,1.39155277386328,ACE2
BtKY72 RBD [Y488H],0.134312120066804,0.19197244140542,8,0.0678725075593548,1.36242348131336,1.00295628740323,1.85072646310432,ACE2
Junin virus,-0.0680512763268653,0.111543835690979,10,0.0352732579735076,0.85496576273712,0.729143717328321,1.00249983382017,ACE2
