virus_label,cells,geomean,lower_ci,upper_ci
BB9904 RBD,ACE2,1.24045367770134,1.03422598378696,1.48780377852094
BM48-31 RBD,ACE2,1.56291680631816,1.35313160086854,1.80522644057965
BtKY72 RBD,ACE2,4.57817810460032,3.28200784153315,6.38624761714484
Rp3 RBD,ACE2,1.87161971429209,1.31358882456417,2.66670992430909
Rs4237 RBD,ACE2,1.19904012181173,0.985687560901622,1.45857295023506
SARS-CoV-2 RBD,ACE2,62.9844357544423,31.3613086283215,126.49469428463
WIV1 RBD,ACE2,80.6537047226868,44.9961401363123,144.568402218233
YN2013 RBD,ACE2,1.40321891865126,0.996376926597028,1.97618319041741
BB9904 RBD,ACE2-2A-TMPRSS2,0.999963023558494,0.893918215852494,1.11858784254738
BM48-31 RBD,ACE2-2A-TMPRSS2,1.03794101490424,0.830747185973453,1.29681035170533
BtKY72 RBD,ACE2-2A-TMPRSS2,12.9116256579573,6.84671291752009,24.3489217584437
Rp3 RBD,ACE2-2A-TMPRSS2,1.13511204022329,0.773940031192587,1.66483098422294
Rs4237 RBD,ACE2-2A-TMPRSS2,0.913593020729719,0.764240872364391,1.09213238614656
SARS-CoV-2 RBD,ACE2-2A-TMPRSS2,22.9378899720754,9.15155501810306,57.4926114010402
WIV1 RBD,ACE2-2A-TMPRSS2,9.87161039516314,6.66955273205358,14.6109785331719
YN2013 RBD,ACE2-2A-TMPRSS2,1.06196517282148,0.919972166959359,1.22587407400944
