cell_label,virus_label,ratio,panel
H.sapiens,VSV,0.652837571452873,right
H.sapiens,SARS-CoV-2 RBD,14.3241867086481,right
H.sapiens,SARS-CoV,23.5202203818061,right
H.sapiens,WIV1 RBD,13.9333346985229,right
H.sapiens,Khosta2 RBD,14.008281780859,right
H.sapiens,BtKY72 RBD,4.46801038913022,right
K31D,VSV,0.58552094161075,right
K31D,SARS-CoV-2 RBD,14.1689038983746,right
K31D,SARS-CoV,22.9966223523781,right
K31D,WIV1 RBD,16.6134283832858,right
K31D,Khosta2 RBD,1.76483847942874,right
K31D,BtKY72 RBD,26.9302225359324,right
Y41A,VSV,0.696974612638895,right
Y41A,SARS-CoV-2 RBD,12.3785868560896,right
Y41A,SARS-CoV,7.47284223442349,right
Y41A,WIV1 RBD,14.9166799075279,right
Y41A,Khosta2 RBD,7.89325209509386,right
Y41A,BtKY72 RBD,0.971111297562015,right
K353D,VSV,0.569792218878826,right
K353D,SARS-CoV-2 RBD,14.162116831235,right
K353D,SARS-CoV,27.0680428986839,right
K353D,WIV1 RBD,21.2774371163507,right
K353D,Khosta2 RBD,4.77157533792192,right
K353D,BtKY72 RBD,1.07547139786832,right
D355N,VSV,0.995739389780563,right
D355N,SARS-CoV-2 RBD,4.48329327874133,right
D355N,SARS-CoV,6.93197956594222,right
D355N,WIV1 RBD,8.14579414554129,right
D355N,Khosta2 RBD,1.43980490437376,right
D355N,BtKY72 RBD,1.86397239140338,right
R357T,VSV,0.544585349795349,right
R357T,SARS-CoV-2 RBD,1.71304194916254,right
R357T,SARS-CoV,3.23670178421133,right
R357T,WIV1 RBD,3.40789523613872,right
R357T,Khosta2 RBD,1.86973863032406,right
R357T,BtKY72 RBD,0.946728065765133,right
