cell_label,virus_label,ratio,panel
D355N,BtKY72 RBD,1.10747658703944,right
D355N,Khosta2 RBD,1.07381365523861,right
D355N,SARS-CoV,5.07526893953572,right
D355N,SARS-CoV-2 RBD,2.29746970419031,right
D355N,VSV,0.97607105697353,right
D355N,WIV1 RBD,5.71394624125428,right
H.sapiens,BtKY72 RBD,2.52595791802845,right
H.sapiens,Khosta2 RBD,2.76332837292947,right
H.sapiens,SARS-CoV,3.75229363149888,right
H.sapiens,SARS-CoV-2 RBD,4.53294865179293,right
H.sapiens,VSV,0.943214064420486,right
H.sapiens,WIV1 RBD,5.43451791811683,right
K31D,BtKY72 RBD,3.66233228493146,right
K31D,Khosta2 RBD,1.3426476958492,right
K31D,SARS-CoV,4.32004717507405,right
K31D,SARS-CoV-2 RBD,4.99616038587145,right
K31D,VSV,0.9501262936379,right
K31D,WIV1 RBD,2.51815137739246,right
K353D,BtKY72 RBD,1.18113093226704,right
K353D,Khosta2 RBD,4.59610879476055,right
K353D,SARS-CoV,3.5764137500925,right
K353D,SARS-CoV-2 RBD,4.84640400782859,right
K353D,VSV,0.944896823158524,right
K353D,WIV1 RBD,3.65472408900978,right
R357T,BtKY72 RBD,1.06799216765321,right
R357T,Khosta2 RBD,2.1222645164277,right
R357T,SARS-CoV,3.46072786398421,right
R357T,SARS-CoV-2 RBD,1.64342862885257,right
R357T,VSV,1.00655033360926,right
R357T,WIV1 RBD,5.09790771324592,right
Y41A,BtKY72 RBD,1.09341490808446,right
Y41A,Khosta2 RBD,4.24212529494215,right
Y41A,SARS-CoV,4.17104568820751,right
Y41A,SARS-CoV-2 RBD,4.55988603088055,right
Y41A,VSV,0.989110863756503,right
Y41A,WIV1 RBD,4.67859758317196,right
