virus_label,cell_label,geomean,ratio,panel
SARS-CoV-2 RBD,H.sapiens,33.4094031085939,4.5838100765,Left
SARS-CoV-2 RBD,NULL (fs),1.11310730377504,0.998401171375,Left
SARS-CoV-2 RBD,R.affinis,15.4848302612404,2.260954418625,Left
SARS-CoV-2 RBD,R.alcyone,15.3429024758385,4.59419082125,Left
SARS-CoV-2 RBD,R.ferrumequinum,1.17531771790466,1.05354334925,Left
SARS-CoV-2 RBD,R.landeri,4.21940652048365,4.344322575875,Left
SARS-CoV-2 RBD,R.pearsonii,1.23960673375095,1.037823519125,Left
SARS-CoV-2 RBD,R.sinicus200,1.57381737112261,1.05369725075,Left
SARS-CoV-2 RBD,R.sinicus215,3.51524949678103,1.339433087125,Left
SARS-CoV-2 RBD,R.sinicus472,2.60111971514286,1.319007579625,Left
VSV,H.sapiens,0.431782498484154,0.997564416125,Left
VSV,NULL (fs),0.852024687419096,0.853227329,Left
VSV,R.affinis,0.627185380094958,0.939487805875,Left
VSV,R.alcyone,0.34324144857656,0.879458087125,Left
VSV,R.ferrumequinum,0.781009895369571,1.058581236125,Left
VSV,R.landeri,0.652581439840784,0.85254671575,Left
VSV,R.pearsonii,0.579047971105731,0.873357161625,Left
VSV,R.sinicus200,0.683692960848666,0.94888427675,Left
VSV,R.sinicus215,0.389366986750365,0.88464121425,Left
VSV,R.sinicus472,0.583332399669003,0.95878576875,Left
WIV1 RBD,H.sapiens,21.9870099633025,3.109586383,Left
WIV1 RBD,NULL (fs),1.05841187847499,1.223218850375,Left
WIV1 RBD,R.affinis,8.32381099976879,2.38452812225,Left
WIV1 RBD,R.alcyone,14.6992065068183,4.0636559715,Left
WIV1 RBD,R.ferrumequinum,2.68324462819881,1.137029056375,Left
WIV1 RBD,R.landeri,11.8682209504494,2.57025448175,Left
WIV1 RBD,R.pearsonii,3.88854684394366,3.347594083625,Left
WIV1 RBD,R.sinicus200,8.58271701231793,2.17703137325,Left
WIV1 RBD,R.sinicus215,20.8684019575644,5.666517634375,Left
WIV1 RBD,R.sinicus472,3.49781927864011,1.177825181,Left
