virus_label,cell_label,geomean,ratio,panel
Rp3 RBD,H.sapiens,0.826921347237146,0.910255738875,Middle
Rp3 RBD,NULL (fs),1.13654864974167,1.00484016475,Middle
Rp3 RBD,R.affinis,0.903778663753739,1.148687599625,Middle
Rp3 RBD,R.alcyone,0.982008065881878,1.21265241575,Middle
Rp3 RBD,R.ferrumequinum,1.04942941794781,1.065657114,Middle
Rp3 RBD,R.landeri,1.60117510995716,1.11586038025,Middle
Rp3 RBD,R.pearsonii,3.28637835391876,1.04498967725,Middle
Rp3 RBD,R.sinicus200,1.37127454749188,1.06525678025,Middle
Rp3 RBD,R.sinicus215,1.29436082650391,1.002869409875,Middle
Rp3 RBD,R.sinicus472,1.45447137040137,0.965857629875,Middle
Rs4237 RBD,H.sapiens,1.42317297357277,0.9862123335,Middle
Rs4237 RBD,NULL (fs),1.06455949218793,0.931067308875,Middle
Rs4237 RBD,R.affinis,1.16324700574265,1.04102678725,Middle
Rs4237 RBD,R.alcyone,1.3604669333145,1.445776929875,Middle
Rs4237 RBD,R.ferrumequinum,1.34564912098061,1.034019838125,Middle
Rs4237 RBD,R.landeri,5.14692001131781,1.54702847375,Middle
Rs4237 RBD,R.pearsonii,1.14379019204721,1.073627248375,Middle
Rs4237 RBD,R.sinicus200,1.07402029092211,1.11498760875,Middle
Rs4237 RBD,R.sinicus215,1.09620945782545,1.22412945425,Middle
Rs4237 RBD,R.sinicus472,1.62787948230117,1.0532165285,Middle
YN2013 RBD,H.sapiens,1.47442323548003,1.06696395575,Middle
YN2013 RBD,NULL (fs),1.20244494642706,1.205187453,Middle
YN2013 RBD,R.affinis,2.2339906482361,1.344207385125,Middle
YN2013 RBD,R.alcyone,1.28831043827265,2.8956819855,Middle
YN2013 RBD,R.ferrumequinum,1.36396146016099,1.133047207875,Middle
YN2013 RBD,R.landeri,1.59213762532084,1.221712293625,Middle
YN2013 RBD,R.pearsonii,2.00996186914627,1.01616301425,Middle
YN2013 RBD,R.sinicus200,1.52331450992756,1.287830163375,Middle
YN2013 RBD,R.sinicus215,1.15230944504828,1.46416011775,Middle
YN2013 RBD,R.sinicus472,1.61190993935741,1.08378278375,Middle
